{"mean": [1284.5093994140625, 39.94170379638672, 2.099473237991333, 33.99205780029297], "std": [894.6654663085938, 4.102869510650635, 0.14994549751281738, 2.006669759750366], "seq_len": 20, "n_features": 4}